adjuster_id,adjuster_name,region
AJ000000,Ronald Ayala,RI
AJ000001,Sandra Smith,CT
AJ000002,Lindsay Franklin,MA
AJ000003,Tammy Boyd,NY
AJ000004,Kara Oliver,MA
AJ000005,Dalton Gutierrez,MA
AJ000006,Jimmy Cole,CT
AJ000007,Derek Sheppard,CT
AJ000008,Christopher Hughes,RI
AJ000009,Robert Thompson,NY
AJ000010,Devon Hicks,NY
AJ000011,Martin Miller,NY
AJ000012,Amy Fox,MA
AJ000013,Daniel Shaw,MA
AJ000014,Cheryl Harrison,NY
AJ000015,Brian Dixon,RI
AJ000016,Maria Peters,MA
AJ000017,Stefanie Warner,RI
AJ000018,David Waller,MA
AJ000019,Karen Mcmillan,CT
AJ000020,Deanna Zimmerman,CT
AJ000021,Ryan Ryan,NY
AJ000022,Amy Campbell,CT
AJ000023,Walter Carlson,MA
AJ000024,Erin Oconnell,MA
AJ000025,Laurie Newman,CT
AJ000026,Austin Suarez,CT
AJ000027,Matthew Hill,CT
AJ000028,Miss Sarah Richmond,NY
AJ000029,Pamela Wilkerson,CT
AJ000030,Jason Peters,MA
AJ000031,Randall Hill PhD,CT
AJ000032,Brent Martinez,NY
AJ000033,Lauren Edwards,NY
AJ000034,Patricia Nichols,MA
AJ000035,Ashley Taylor,MA
AJ000036,James Sandoval,CT
AJ000037,Kristi Cole,MA
AJ000038,Kimberly Hanson,RI
AJ000039,Dr. Johnathan Johnson MD,MA
AJ000040,Christopher Bright,RI
AJ000041,Charles Reid,RI
AJ000042,Brenda Hensley,MA
AJ000043,Chris Adams,RI
AJ000044,Elizabeth Martinez,MA
AJ000045,Valerie Knight,MA
AJ000046,Scott Rivera,NY
AJ000047,Jessica Greene DDS,RI
AJ000048,Eric Wheeler,RI
AJ000049,Jonathan Anderson,CT
