shop_id,shop_name,address_id,phone
RS000000,Johnson and Sons Body Shop,AD001798,643-216-6518
RS000001,Sanders Ltd Body Shop,AD000974,402-898-1687x833
RS000002,Martinez Inc Body Shop,AD000977,385.789.4729
RS000003,Garcia-Ortega Body Shop,AD001332,398-936-2308
RS000004,Page Inc Body Shop,AD000408,461.224.2044x1568
RS000005,Moore-Shelton Body Shop,AD001548,+1-499-894-9940x189
RS000006,White-Herman Body Shop,AD000588,001-836-274-0865
RS000007,Bauer Ltd Body Shop,AD000657,(795)770-3493
RS000008,Nelson Group Body Shop,AD000584,(307)798-7679x9368
RS000009,Williams PLC Body Shop,AD001322,563-647-7741x5463
RS000010,"Evans, Higgins and Salazar Body Shop",AD000121,628-402-9143
RS000011,Woodard LLC Body Shop,AD001574,901.355.9720x56522
RS000012,"Taylor, Barnes and Dunn Body Shop",AD000183,250.809.6708x338
RS000013,"Lindsey, Hebert and Schroeder Body Shop",AD001335,982.487.8991
RS000014,Pugh LLC Body Shop,AD001175,(488)915-1369
RS000015,Proctor Inc Body Shop,AD000475,3235977043
RS000016,Kelly-Schroeder Body Shop,AD001095,(916)338-8832x899
RS000017,Wood LLC Body Shop,AD001512,898-211-1809x816
RS000018,"Parsons, Hudson and Dickson Body Shop",AD001480,+1-691-212-8147x1438
RS000019,Bowers Inc Body Shop,AD001741,740-533-5969x00705
RS000020,Oliver and Sons Body Shop,AD000076,001-977-918-6986x8301
RS000021,Thompson-Brown Body Shop,AD000358,+1-449-827-4537x95696
RS000022,"Brown, Powell and Thomas Body Shop",AD000855,001-204-217-9588x30335
RS000023,Wallace Group Body Shop,AD001715,6029855038
RS000024,Smith Group Body Shop,AD000360,297.631.7367x23101
RS000025,Conley-Ray Body Shop,AD000074,(813)501-2073x081
RS000026,Mason-Miller Body Shop,AD001712,001-650-527-2577x26195
RS000027,Rodriguez-Martin Body Shop,AD000813,235.785.8243x4822
RS000028,James-Zuniga Body Shop,AD001613,+1-736-723-9161x35024
RS000029,Rogers Group Body Shop,AD001014,470.288.0635x72989
RS000030,Torres-Allen Body Shop,AD000381,001-828-729-1271x6431
RS000031,"Dunn, Brown and Bowers Body Shop",AD001533,641.916.0201x22125
RS000032,Young Group Body Shop,AD001786,284-389-3698x0225
RS000033,Brooks Ltd Body Shop,AD000592,281.737.4214x157
RS000034,Huffman Inc Body Shop,AD001795,001-646-605-9899x26110
RS000035,"Knapp, Manning and Gutierrez Body Shop",AD000076,001-814-394-3405x013
RS000036,"Torres, Byrd and Gillespie Body Shop",AD000018,(475)745-2355x897
RS000037,Smith-Weiss Body Shop,AD000611,(641)210-8715
RS000038,"Elliott, Thompson and Frederick Body Shop",AD001163,+1-634-766-2972x54835
RS000039,"Jacobs, Stewart and Lopez Body Shop",AD001234,248.955.0023
RS000040,Larson Group Body Shop,AD000219,+1-278-628-6619x82859
RS000041,Barnes Inc Body Shop,AD000686,001-343-541-0230
RS000042,Harmon Inc Body Shop,AD000582,626.833.9886
RS000043,Butler-Sullivan Body Shop,AD000930,448.315.3912
RS000044,"Smith, Lee and Gaines Body Shop",AD001313,+1-660-656-9043x64446
RS000045,Wong Ltd Body Shop,AD001112,506-270-9905
RS000046,Jackson Ltd Body Shop,AD001073,651-687-1040
RS000047,Green-Blake Body Shop,AD001011,(638)998-9228x4014
RS000048,"Williams, Lucas and Barrett Body Shop",AD000274,+1-473-958-0541x6318
RS000049,Johnson-Smith Body Shop,AD001742,+1-392-915-3900x50674
RS000050,"Combs, Medina and Bradley Body Shop",AD001032,330.539.3758
RS000051,"Smith, Garcia and Taylor Body Shop",AD000958,509.694.4957x181
RS000052,Brown PLC Body Shop,AD000558,8613691853
RS000053,Perry Inc Body Shop,AD000394,969.367.0258x912
RS000054,Olson-Mckay Body Shop,AD001656,(468)657-8105
RS000055,Ortiz Ltd Body Shop,AD000230,001-886-931-8552x567
RS000056,"Gonzales, Keller and Smith Body Shop",AD000677,001-741-416-6911x5340
RS000057,Taylor-Ali Body Shop,AD000332,+1-296-296-9768x699
RS000058,Grant-Gordon Body Shop,AD001497,660-241-3796
RS000059,Mcintyre-Brandt Body Shop,AD000939,703.983.4103x1115
RS000060,"Huffman, Brown and Ryan Body Shop",AD001327,7788490824
RS000061,Sutton Ltd Body Shop,AD000526,+1-543-720-1302x239
RS000062,Williams-Brooks Body Shop,AD001471,333-484-4727
RS000063,Larson Ltd Body Shop,AD000381,001-857-235-1549x606
RS000064,Padilla-Hamilton Body Shop,AD000028,771-624-3468x348
RS000065,"Bryant, Rodriguez and Murphy Body Shop",AD001508,898.200.5832x6973
RS000066,Blanchard-Hall Body Shop,AD000690,001-901-579-8210x9592
RS000067,"Fitzgerald, Hall and Ferguson Body Shop",AD001619,+1-768-334-5116x106
RS000068,Valdez-Robinson Body Shop,AD000604,(522)662-9365
RS000069,"Hutchinson, Buckley and Hughes Body Shop",AD001162,4528048825
RS000070,"Owens, Guzman and Mclaughlin Body Shop",AD001381,385.415.8694x09487
RS000071,"Carr, Reid and Ferguson Body Shop",AD001550,001-276-261-5458x06187
RS000072,Baird Group Body Shop,AD000395,812-620-1635x76913
RS000073,"Griffin, Phelps and Pacheco Body Shop",AD000359,001-485-768-4212
RS000074,Miranda LLC Body Shop,AD001251,943-501-9426
RS000075,Lee-Hernandez Body Shop,AD001753,253-610-4308
RS000076,Walker-Johnson Body Shop,AD001308,9258904754
RS000077,"Miller, Rodriguez and Robinson Body Shop",AD000830,001-451-684-6917
RS000078,Morrow-Thomas Body Shop,AD001693,999-527-2419
RS000079,Young Inc Body Shop,AD000875,(455)997-6135x52202
RS000080,"Hamilton, Hopkins and Bryant Body Shop",AD001055,+1-600-512-8085x51729
RS000081,Bush Inc Body Shop,AD000671,298-796-8354
RS000082,Byrd Ltd Body Shop,AD000177,(740)260-5643x2900
RS000083,"Jones, Porter and White Body Shop",AD000820,506-836-2298x22505
RS000084,Roy-Davis Body Shop,AD001370,658.348.4209
RS000085,"Nelson, Hill and Reynolds Body Shop",AD000195,001-520-442-4579x72731
RS000086,"Miller, Day and Johnson Body Shop",AD000378,001-229-538-0743x85729
RS000087,Gamble Ltd Body Shop,AD000287,(451)955-6733x76107
RS000088,Hopkins-Hawkins Body Shop,AD000977,001-976-259-7324x605
RS000089,Smith-Taylor Body Shop,AD000662,819-425-0583
RS000090,Townsend-Ellis Body Shop,AD000508,8245552674
RS000091,Braun-Lopez Body Shop,AD000013,001-422-283-7213x02732
RS000092,Turner-Roberts Body Shop,AD000534,+1-400-345-3444x6227
RS000093,Hernandez-Thompson Body Shop,AD000785,001-833-447-7204x84437
RS000094,"Tran, Hernandez and Gregory Body Shop",AD000482,001-894-784-8275
RS000095,Larson-Vasquez Body Shop,AD000914,001-794-313-0087x10623
RS000096,Elliott-Hubbard Body Shop,AD001543,424.246.4956x65660
RS000097,Simmons-Thomas Body Shop,AD000546,001-751-930-9612x7348
RS000098,"Tate, Parker and Weber Body Shop",AD000675,784-542-6549
RS000099,Michael-Richardson Body Shop,AD000618,(749)241-5874x491
RS000100,Taylor Ltd Body Shop,AD001192,+1-851-785-8976x811
RS000101,Smith-Nolan Body Shop,AD001480,691.249.0876x99157
RS000102,Turner PLC Body Shop,AD001173,+1-269-508-0267x82249
RS000103,Anderson-Cameron Body Shop,AD000023,797-384-7522x815
RS000104,Sullivan-Conley Body Shop,AD000535,299-337-2995x2043
RS000105,Brown-Taylor Body Shop,AD001338,(737)959-9729x84685
RS000106,Estes-Watson Body Shop,AD000736,+1-357-659-9753x92918
RS000107,Cooper PLC Body Shop,AD001418,765-529-1893x580
RS000108,Wallace PLC Body Shop,AD000483,(605)442-6024
RS000109,"Martinez, Webb and Perez Body Shop",AD000127,949.262.7436x84850
RS000110,Allen Ltd Body Shop,AD001367,222-835-5044x0571
RS000111,Johnson Ltd Body Shop,AD000242,7208110412
RS000112,"Williams, Harper and Long Body Shop",AD000953,(725)709-2011
RS000113,Foster Group Body Shop,AD000628,(782)470-2612
RS000114,Carpenter-Beasley Body Shop,AD000327,3402271830
RS000115,Robertson LLC Body Shop,AD000830,001-352-554-0035
RS000116,Burgess-Vasquez Body Shop,AD001405,894-378-9792x6911
RS000117,Benson-Scott Body Shop,AD001029,(963)826-6318x8297
RS000118,"Wolfe, Hernandez and Wood Body Shop",AD001440,+1-648-651-6626x3575
RS000119,Thompson-Johnson Body Shop,AD001576,(941)468-3314x214
RS000120,"Young, Holmes and Glenn Body Shop",AD000636,(970)655-4402
RS000121,Bullock and Sons Body Shop,AD001413,632-405-8920x790
RS000122,Fitzpatrick-Phelps Body Shop,AD000240,(713)267-6348x52852
RS000123,Horton Inc Body Shop,AD001308,(701)732-7968
RS000124,"Cain, Morris and Moore Body Shop",AD000604,001-517-278-0028x1059
RS000125,Brown LLC Body Shop,AD000752,001-916-570-2149x290
RS000126,Smith-Smith Body Shop,AD001258,225.802.1098x593
RS000127,"Smith, Dixon and Gonzalez Body Shop",AD000452,+1-429-913-5394x1187
RS000128,Thompson-Tapia Body Shop,AD000448,531.375.6136
RS000129,Cox Group Body Shop,AD000273,+1-795-954-9178x0885
RS000130,Young-Martinez Body Shop,AD000979,001-562-553-1640x237
RS000131,Cortez LLC Body Shop,AD000313,001-274-712-9860x377
RS000132,Moore-Patton Body Shop,AD000931,970-927-7721
RS000133,"Moore, Osborne and Romero Body Shop",AD001531,(765)600-3123
RS000134,"Odom, Huber and Graham Body Shop",AD001240,(453)596-7183
RS000135,"Murphy, Smith and Jones Body Shop",AD000765,395-722-3931x59105
RS000136,Pena PLC Body Shop,AD000851,722.281.0891x8870
RS000137,Stark and Sons Body Shop,AD001437,589.511.3203x60960
RS000138,Hill-Bernard Body Shop,AD001124,926-590-7280
RS000139,"Mitchell, Carter and Olsen Body Shop",AD000964,+1-969-209-1023x193
RS000140,Adams-Powell Body Shop,AD001551,7794194923
RS000141,Thompson and Sons Body Shop,AD001100,+1-504-299-7805x50144
RS000142,Garcia Inc Body Shop,AD001642,+1-567-705-1210x7535
RS000143,"Horne, Fleming and Jackson Body Shop",AD001360,365.437.5584
RS000144,"Dunn, Reyes and Bryan Body Shop",AD001690,(349)614-8596
RS000145,Morris-Mccormick Body Shop,AD000447,447-639-8930x16127
RS000146,Gray PLC Body Shop,AD001560,415-507-1689
RS000147,Schroeder Inc Body Shop,AD000506,711.746.7530x1570
RS000148,Mclaughlin-Cameron Body Shop,AD001393,630-627-6799x182
RS000149,Ramirez and Sons Body Shop,AD001545,001-683-424-2009x5410
RS000150,"Mcdonald, Vazquez and Wells Body Shop",AD001220,426-933-3132x5621
RS000151,Miller-Mcdowell Body Shop,AD001788,001-340-855-1629x772
RS000152,Chambers Group Body Shop,AD001612,001-634-996-1746
RS000153,"Klein, Gordon and Brown Body Shop",AD000167,+1-995-320-7570x46483
RS000154,Clark-Brown Body Shop,AD001076,463.317.4816x7431
RS000155,"Weaver, Stevens and Bailey Body Shop",AD000914,(973)747-5317x84164
RS000156,"Bennett, Roberson and Lawson Body Shop",AD001081,857-354-1579
RS000157,"Green, Hernandez and Mayer Body Shop",AD001441,842.482.0978
RS000158,Wright LLC Body Shop,AD000740,942.921.3286
RS000159,Martin PLC Body Shop,AD000159,+1-996-709-9394
RS000160,"Brooks, Hunter and Obrien Body Shop",AD001155,343-928-0194x0945
RS000161,Vargas-Lyons Body Shop,AD000229,415.548.9495x0536
RS000162,Lambert-Alexander Body Shop,AD000126,(882)763-7406x85964
RS000163,Burnett Inc Body Shop,AD001697,972-548-9566x54643
RS000164,Moss Inc Body Shop,AD001121,8463660522
RS000165,Lamb Group Body Shop,AD001035,330-352-0640
RS000166,"Hodges, Hayes and Branch Body Shop",AD000414,3662935489
RS000167,Buchanan Inc Body Shop,AD001172,840-991-5581
RS000168,Mills and Sons Body Shop,AD001099,+1-997-904-9835x632
RS000169,Lewis Inc Body Shop,AD000306,001-932-888-7525
RS000170,"Ochoa, Bailey and Keller Body Shop",AD000336,(343)979-7975x2542
RS000171,Duran PLC Body Shop,AD000671,868-549-5982
RS000172,Schwartz-Carter Body Shop,AD001749,390-353-7549x90495
RS000173,"Scott, Jacobson and Miller Body Shop",AD001065,+1-698-972-6905
RS000174,Gonzalez and Sons Body Shop,AD000904,001-326-566-9598
RS000175,Love-Lee Body Shop,AD000238,373-612-5497x075
RS000176,"Burton, Snyder and Simpson Body Shop",AD001393,2029867416
RS000177,Hodges PLC Body Shop,AD000420,450.647.8825x56612
RS000178,Larsen and Sons Body Shop,AD001468,+1-272-974-0647
RS000179,Scott LLC Body Shop,AD001194,001-716-907-3027
